Job,Skills
Network administrator,"TCP/IP, DNS, DHCP, Firewalls, VPN, Network Security, Routing Protocols (BGP, OSPF), Switches and Routers, Network Monitoring Tools, Wireless Networking, Troubleshooting, LAN/WAN Management"
User experience designer,"User Research, Wireframing, Prototyping, Adobe XD, Figma, Sketch, Usability Testing, Interaction Design, Information Architecture, Responsive Design, HTML/CSS Basics, Design Systems"
Systems analyst,"Requirements Gathering, Systems Design, Business Process Modeling, SQL, Data Analysis, Technical Documentation, Project Management, Testing and Validation, Knowledge of Software Development Life Cycle (SDLC), Stakeholder Communication"
Database administrator,"MySQL, Oracle, SQL Server, Database Design, SQL Query Optimization, Backup and Recovery, Performance Tuning, Data Migration, Security Best Practices, Stored Procedures, Data Modeling"
Full-stack developer,"HTML, CSS, JavaScript, Node.js, React, Angular, PHP, SQL, NoSQL, RESTful APIs, Git, Agile Methodologies, Web Development Frameworks, Testing and Debugging, Tailwind CSS"
Software engineer,"Java, Python, C++, C#, Software Development Life Cycle, SDLC, Version Control, Git, Agile Methodologies, Design Patterns, Unit Testing, System Architecture, Debugging, API Development, Cloud Technologies"
Data Scientist,"Python, R, Tableau, Matplotlib, Seaborn, scikit-learn, TensorFlow, Statistics, SQL, Hadoop, Spark, Numpy, Pandas"
Data Analyst,"Excel, SQL, Python, R, Data Visualization, Tableau, Power BI, Statistical Analysis, Data Cleaning, Database Management, Data Mining, A/B Testing, Google Analytics, Business Intelligence Tools"
Game developer,"Unity, Unreal Engine, C#, C++, Game Physics, 3D Modeling and Animation, Multiplayer Networking, AI Programming, VR/AR Development, Game Design Principles, Scripting Languages, Performance Optimization"
Hardware engineer,"Circuit Design, PCB Design, VHDL/Verilog, Embedded Systems, Microcontrollers, Hardware Troubleshooting, FPGA Development, Schematic Capture, Testing and Validation, Knowledge of Electronics, Signal Processing"
Web Developer,"HTML, CSS, JavaScript, Node.js, PHP, Ruby, React, Angular, WordPress, SEO, Web Security Best Practices, Express, MongoDB, PostgreSQL, MERN"
Frontend Developer,"HTML, CSS, JavaScript, React, Angular, Vue.js, Bootstrap, SASS/LESS, Responsive Design, RESTful APIs, Version Control (Git), Web Performance Optimization, Cross-Browser Compatibility, Tailwind CSS"
Backend Developer,"Node.js, Python, Ruby, Java, PHP, .NET, SQL, NoSQL, RESTful APIs, Microservices Architecture, Docker, Version Control (Git), Security Best Practices, Performance Tuning"
Software Developer,"Java, Python, C#, JavaScript, Git, SVN, React, Angular, Django, .NET, SQL, NoSQL, RESTful APIs, Agile Methodologies, C++"
DevOps Engineer,"Jenkins, GitLab CI, Docker, Kubernetes, Bash, Python, AWS, Azure, GCP, Terraform, Ansible, Prometheus, Grafana"
System Administrator,"Linux, Windows Server, TCP/IP, DNS, DHCP, VMware, Hyper-V, Firewalls, Antivirus, Backup and Recovery, Shell Scripting"
Network Engineer,"TCP/IP, BGP, OSPF, Cisco, Palo Alto, Network Design, Wireless Technologies, Network Monitoring, VPN, Remote Access Solutions"
Cybersecurity Analyst,"NIST, ISO 27001, Threat Intelligence, Incident Response, Metasploit, Burp Suite, Firewalls, IDS/IPS, Risk Management"
Database Administrator,"MySQL, Oracle, SQL Server, SQL Query Optimization, Backup and Recovery, Data Modeling, Performance Tuning, Security Best Practices"
Cloud Engineer,"AWS, Azure, GCP, Cloud Architecture, Terraform, Docker, Kubernetes, CI/CD Pipelines, Networking and Security, Serverless Computing, Monitoring, Optimization, Infrastructure as Code"
Mobile App Developer,"Swift, Kotlin, Java, React Native, Flutter, Mobile UI/UX Design, API Integration, App Store Deployment, Version Control (Git), Testing Frameworks, Cross-Platform Development, Performance Optimization"
AI/ML Engineer,"Python, R, TensorFlow, PyTorch, Natural Language Processing, Data Preprocessing, Model Deployment, AWS SageMaker, NLP"
IT Project Manager,"Agile, Scrum, Waterfall, Jira, Trello, Microsoft Project, Risk Management, Stakeholder Communication, Budget Management"
Technical Support Specialist,"Troubleshooting, Windows, macOS, Linux, Networking, Customer Service, Remote Desktop, Zendesk, ServiceNow"
UX/UI Designer,"Adobe XD, Sketch, Figma, Prototyping, Wireframing, User Research, Interaction Design, HTML, CSS, Responsive Design"
Business Intelligence Analyst,"Data Warehousing, SQL, Data Visualization Tools, Tableau, Power BI, ETL Processes, Statistical Analysis, Business Process Analysis, Reporting Tools, Data Mining, Dashboard Development, Knowledge of BI Software"
Application Developer,"Java, C#, Python, SQL, RESTful APIs, Mobile Development, iOS, Android, Web Development, HTML, CSS, JavaScript, Version Control, Git, Agile Methodologies, Software Testing"
Security Engineer,"Network Security, Vulnerability Assessment, Penetration Testing, Firewalls, IDS/IPS, Security Information and Event Management (SIEM), Incident Response, Threat Modeling, Cryptography, Security Compliance"
Site Reliability Engineer,"Systems Administration, Cloud Services, AWS, Azure, CI/CD, Monitoring Tools, Prometheus, Grafana, Scripting, Python, Bash, Incident Management, Performance Optimization, Infrastructure as Code, Containerization, Docker, Kubernetes"
IoT Developer,"Embedded Systems, C, C++, Python, MQTT, IoT Protocols, Sensor Integration, Cloud Platforms, AWS IoT, Azure IoT, Data Analytics, Security in IoT, Edge Computing, Device Management"
Blockchain Developer,"Ethereum, Hyperledger, Smart Contracts, Solidity, Cryptography, Decentralized Applications, dApps, Distributed Ledger Technology, Consensus Algorithms, Web3.js, Node.js, Security Best Practices"
QA Engineer,"Software Testing, Manual and Automated, Test Case Development, Selenium, JUnit, Load Testing, Performance Testing, Bug Tracking Tools, JIRA, Continuous Integration, Agile Methodologies, Documentation"
CRM Developer,"Salesforce, Microsoft Dynamics, CRM Configuration, API Integration, Custom Development, Apex, Visualforce, Data Management, Reporting and Dashboards, User Training, System Integration, Security Compliance"
Virtual Reality Developer,"Unity, Unreal Engine, C#, 3D Modeling, VR Hardware Knowledge, Interaction Design, Game Mechanics, Physics Simulation, UX Design for VR, Performance Optimization"
Artificial Intelligence Engineer,"Machine Learning Algorithms, Python, TensorFlow, Keras, Data Preprocessing, Neural Networks, Natural Language Processing, Computer Vision, Big Data Technologies, Model Evaluation, Cloud AI Services, NLP"
Data Engineer,"ETL Processes, SQL, Apache Spark, Apache Kafka, Data Warehousing, Python, Data Pipeline Development, Cloud Data Services, AWS Redshift, Google BigQuery, Data Modeling, Big Data Technologies"
Robotics Engineer,"C, C++, Python, Robotics Operating System (ROS), Embedded Systems, Control Systems, Sensor Integration, Machine Learning, CAD Software, Prototyping, Testing and Validation, Automation Systems"
Sales Engineer,"Technical Knowledge of Products, Sales Skills, Customer Relationship Management (CRM) Tools, Presentation Skills, Solution Development, Troubleshooting, Market Research, Communication Skills, Product Demos, Technical Documentation"
Digital Marketing Specialist,"SEO, SEM, Google Analytics, Content Management Systems (CMS), Social Media Marketing, Email Marketing, PPC Campaigns, A/B Testing, Data Analysis, Marketing Automation Tools"
Augmented Reality Developer,"Unity, ARKit, ARCore, 3D Modeling, C#, Interaction Design, Game Development Principles, UX Design for AR, Performance Optimization, Sensor Integration"
ERP Consultant,"ERP Software, SAP, Oracle, Microsoft Dynamics, Business Process Analysis, Implementation Strategies, Data Migration, User Training, Configuration, Project Management, Stakeholder Communication, Documentation, Customization"
